epoch,training_loss,validation_loss,time_seconds
1,0.654823496296997,0.648226681305812,135.09534460300347
2,0.6449965590938102,0.6456163457723765,134.9780770970101
3,0.641421786932509,0.6440940517645616,129.24651932998677
4,0.6391099398089118,0.643589535676516,129.2004479249881
5,0.6374759631676463,0.6425620445838341,129.92842627697974
6,0.6362373224362331,0.6422681382986215,142.951565580006
7,0.6352019343336076,0.641913427389585,136.5692318630172
8,0.6343792702941266,0.642061960880573,136.46962313601398
9,0.6336929557530039,0.6416583037376404,130.60879040000145
10,0.6331149773751114,0.6414979657760034,129.4741624140006
11,0.6325853903278964,0.6410830673804649,129.4310160470195
12,0.6321213134873696,0.6414084738951463,129.45384508301504
13,0.6317799274411897,0.6410564143841083,129.52763814199716
14,0.6315294996246026,0.6408115984843328,129.47392778098583
15,0.6313013199691514,0.6415478577980629,129.60006877500564
16,0.6310292695993133,0.641125082052671,129.54883422600687
17,0.6308239280329605,0.6408419058873103,131.29146395498537
18,0.6281890446049783,0.6389886003274184,136.48076666801353
19,0.6266764342842694,0.6387545029933636,137.17471310601104
20,0.6257998524863011,0.6385878564761235,136.15846501701162
21,0.6251013741268142,0.6384722775679368,135.567893096013
22,0.6245204965793851,0.6382757089688228,129.4555127750209
23,0.6240032630139403,0.6383273649215698,129.5105574830086
24,0.6235457695864027,0.6381611383878267,129.50868795998394
25,0.6231280042348153,0.6380940305269681,129.48187093800516
26,0.6227550058834306,0.6383217468628517,129.44030478500645
27,0.6224116108350448,0.6379397361095135,129.4883650499978
28,0.6220845685416042,0.6380043611159691,129.48942208799417
29,0.6217716512000179,0.6379143696564894,129.52093834400875
30,0.6214884837256486,0.6381917227231539,129.50402968699927
31,0.6201421915135875,0.6374816529567425,129.55270974698942
32,0.6193897115579131,0.6376108972842877,129.48123127099825
33,0.6189240939190116,0.6376491133983319,131.2310848570196
34,0.6185686609099839,0.6376231862948492,136.1301252389967
35,0.6178172840641958,0.6376840703303998,136.2112063689856
36,0.617430026337355,0.6377643832793602,130.03414360497845
37,0.6171806735145287,0.6377205393864558,129.50040699800593
38,0.6167807116926275,0.637873122875507,129.62022620000062
